{
  "buy": {
    "valuePerCoin": [443.5, 443.41, 443.4, 443.21111, 443.2011, 443.201, 443.2001, 443.2, 443.13, 443.12, 443.001, 443, 442.61, 442.5, 442.0101, 442.01, 442.000001, 442, 441.3, 441, 440.7, 440.51001, 440.001, 440, 439.2, 439.05, 439.001, 439, 438.3, 438.29, 438.17, 438.001, 438, 437.99, 437.69, 437.5, 437.42, 437.41, 437.3201, 437.29],
    "amount": [0.1, 0.02509552, 0.10609505, 0.00495602, 0.0081738, 0.1, 1.27011984, 0.39889639, 0.03706821, 0.00739525, 0.1, 0.12280145, 0.15, 0.01085, 0.3618504, 0.24708151, 3, 0.10581447, 0.0575656, 0.189427, 0.03, 0.00525227, 0.03823439, 0.19186053, 2.6668875, 0.39723579, 0.00900874, 11.1630609, 0.15288125, 0.75, 0.23834147, 0.00212055, 0.0035, 7.5, 0.01875, 0.00284676, 0.08422875, 0.45, 0.00405206, 0.15889432],
    "sumOfValue": [44.35, 55.47760452, 102.52014969, 104.71671281, 108.33934996, 152.65944996, 715.57669005, 892.36757009, 908.79360598, 912.07058916, 956.37068916, 1010.77173151, 1077.16323151, 1081.96435651, 1241.90588799, 1351.11838622, 2677.11838922, 2723.88838496, 2749.29208424, 2832.82939124, 2846.05039124, 2848.36406875, 2865.18723858, 2949.60587178, 4120.90286178, 4295.30923537, 4299.26408123, 9199.84781633, 9266.8556682, 9595.5731682, 9700.0072501, 9700.93605312, 9702.46905312, 12987.39405312, 12995.60074062, 12996.84619812, 13033.68953794, 13230.52403794, 13232.29608522, 13301.77898241],
    "sumOfCoins": [0.1, 0.12509552, 0.23119057, 0.23614659, 0.24432039, 0.34432039, 1.61444023, 2.01333662, 2.05040483, 2.05780008, 2.15780008, 2.28060153, 2.43060153, 2.44145153, 2.80330193, 3.05038344, 6.05038344, 6.15619791, 6.21376351, 6.40319051, 6.43319051, 6.43844278, 6.47667717, 6.6685377, 9.3354252, 9.73266099, 9.74166973, 20.90473063, 21.05761188, 21.80761188, 22.04595335, 22.0480739, 22.0515739, 29.5515739, 29.5703239, 29.57317066, 29.65739941, 30.10739941, 30.11145147, 30.27034579]
  },
  "sale": {
    "valuePerCoin": [446.98, 446.99, 447, 447.7, 448, 448.04, 448.5, 448.88, 448.9, 448.94, 449.2, 449.33, 449.5, 449.8, 449.83, 449.88, 449.89, 449.99, 449.993749, 449.998, 449.999, 450, 450.4, 450.5, 451, 451.1, 451.48, 451.49, 451.5, 451.7, 451.8, 451.87, 451.8899, 451.9, 451.91111, 451.99999, 452, 452.02, 452.5, 452.6],
    "amount": [0.02507401, 0.02379824, 0.0118746, 0.01996, 0.04704067, 10, 0.0011, 0.01549161, 0.0333274, 6, 0.01009317, 0.01063787, 0.0021, 0.00499, 4, 0.02946377, 0.5012124, 0.02495, 3, 0.05961078, 0.5053217, 3.53914376, 0.00998, 0.003, 0.10359045, 1.60501975, 0.006, 0.02954713, 0.01742569, 0.00665407, 0.05909684, 0.22754255, 0.037536, 0.03425419, 0.01329429, 0.00385679, 0.17538389, 0.08889242, 0.01087058, 0.01842],
    "sumOfValue": [11.20758098, 21.84515627, 27.15310247, 36.08919447, 57.16341463, 4537.56341463, 4538.05676463, 4545.01063852, 4559.97130838, 7253.61130838, 7258.14516034, 7262.92507446, 7263.86902446, 7266.11352646, 9065.43352646, 9078.6886873, 9304.17913393, 9315.40638443, 10665.38763143, 10692.2123632, 10919.60662287, 12512.22131487, 12516.71630687, 12518.06780687, 12564.78709982, 13288.81150904, 13291.52038904, 13304.86062276, 13312.72832179, 13315.7339652, 13342.43391751, 13445.25356957, 13462.21570885, 13477.69517731, 13483.70301466, 13485.4462837, 13564.71980198, 13604.90095366, 13609.81989111, 13618.15678311],
    "sumOfCoins": [0.02507401, 0.04887225, 0.06074685, 0.08070685, 0.12774752, 10.12774752, 10.12884752, 10.14433913, 10.17766653, 16.17766653, 16.1877597, 16.19839757, 16.20049757, 16.20548757, 20.20548757, 20.23495134, 20.73616374, 20.76111374, 23.76111374, 23.82072452, 24.32604622, 27.86518998, 27.87516998, 27.87816998, 27.98176043, 29.58678018, 29.59278018, 29.62232731, 29.639753, 29.64640707, 29.70550391, 29.93304646, 29.97058246, 30.00483665, 30.01813094, 30.02198773, 30.19737162, 30.28626404, 30.29713462, 30.31555462]
  }
}
