{
  "buy": {
    "valuePerCoin": [443.5, 443.41, 443.4, 443.21111, 443.2011, 443.201, 443.2001, 443.2, 443.13, 443.12, 443.001, 443, 442.61, 442.5, 442.0101, 442.01, 442.000001, 442, 441.3, 441, 440.7, 440.51001, 440.001, 440, 439.2, 439.05, 439.001, 439, 438.3, 438.29, 438.17, 438.001, 438, 437.99, 437.69, 437.5, 437.42, 437.41, 437.3201, 437.29],
    "amount": [0.1, 0.02509552, 0.10609505, 0.00495602, 0.0081738, 0.1, 1.27011984, 0.39889639, 0.03706821, 0.00739525, 0.1, 0.12280145, 0.15, 0.01085, 0.3618504, 0.24708151, 3, 0.10581447, 0.0575656, 0.189427, 0.03, 0.00525227, 0.03823439, 0.19186053, 2.6668875, 0.39723579, 0.00900874, 11.1630609, 0.15288125, 0.75, 0.23834147, 0.00212055, 0.0035, 7.5, 0.01875, 0.00284676, 0.08422875, 0.45, 0.00405206, 0.15889432],
    "sumOfValue": [44.35, 11.12760452, 47.04254517, 2.19656312, 3.62263715, 44.3201, 562.91724009, 176.79088004, 16.42603589, 3.27698318, 44.3001, 54.40104235, 66.3915, 4.801125, 159.94153148, 109.21249823, 1326.000003, 46.76999574, 25.40369928, 83.537307, 13.221, 2.31367751, 16.82316983, 84.4186332, 1171.29699, 174.40637359, 3.95484586, 4900.5837351, 67.00785187, 328.7175, 104.4340819, 0.92880302, 1.533, 3284.925, 8.2066875, 1.2454575, 36.84333982, 196.8345, 1.77204728, 69.48289719],
    "sumOfCoins": [44.35, 11.1276045232, 47.04254517, 2.1965631253822, 3.62263715118, 44.3201, 562.91724009998, 176.790880048, 16.4260358973, 3.27698318, 44.3001, 54.40104235, 66.3915, 4.801125, 159.94153148904, 109.2124982351, 1326.000003, 46.76999574, 25.40369928, 83.537307, 13.221, 2.3136775102227, 16.82316983439, 84.4186332, 1171.29699, 174.4063735995, 3.95484586874, 4900.5837351, 67.007851875, 328.7175, 104.4340819099, 0.92880302055, 1.533, 3284.925, 8.2066875, 1.2454575, 36.843339825, 196.8345, 1.772047284406, 69.4828971928]
  },
  "sale": {
    "valuePerCoin": [446.98, 446.99, 447, 447.7, 448, 448.04, 448.5, 448.88, 448.9, 448.94, 449.2, 449.33, 449.5, 449.8, 449.83, 449.88, 449.89, 449.99, 449.993749, 449.998, 449.999, 450, 450.4, 450.5, 451, 451.1, 451.48, 451.49, 451.5, 451.7, 451.8, 451.87, 451.8899, 451.9, 451.91111, 451.99999, 452, 452.02, 452.5, 452.6],
    "amount": [0.02507401, 0.02379824, 0.0118746, 0.01996, 0.04704067, 10, 0.0011, 0.01549161, 0.0333274, 6, 0.01009317, 0.01063787, 0.0021, 0.00499, 4, 0.02946377, 0.5012124, 0.02495, 3, 0.05961078, 0.5053217, 3.53914376, 0.00998, 0.003, 0.10359045, 1.60501975, 0.006, 0.02954713, 0.01742569, 0.00665407, 0.05909684, 0.22754255, 0.037536, 0.03425419, 0.01329429, 0.00385679, 0.17538389, 0.08889242, 0.01087058, 0.01842],
    "sumOfValue": [11.20758098, 10.63757529, 5.3079462, 8.936092, 21.07422016, 4480.4, 0.49335, 6.95387389, 14.96066986, 2693.64, 4.53385196, 4.77991412, 0.94395, 2.244502, 1799.32, 13.25516084, 225.49044663, 11.2272505, 1349.981247, 26.82473177, 227.39425967, 1592.614692, 4.494992, 1.3515, 46.71929295, 724.02440922, 2.70888, 13.34023372, 7.86769903, 3.00564341, 26.69995231, 102.81965206, 16.96213928, 15.47946846, 6.00783735, 1.74326904, 79.27351828, 40.18115168, 4.91893745, 8.336892],
    "sumOfCoins": [11.2075809898, 10.6375752976, 5.3079462, 8.936092, 21.07422016, 4480.4, 0.49335, 6.9538738968, 14.96066986, 2693.64, 4.533851964, 4.7799141271, 0.94395, 2.244502, 1799.32, 13.2551608476, 225.490446636, 11.2272505, 1349.981247, 26.82473177844, 227.3942596783, 1592.614692, 4.494992, 1.3515, 46.71929295, 724.024409225, 2.70888, 13.3402337237, 7.867699035, 3.005643419, 26.699952312, 102.8196520685, 16.9621392864, 15.479468461, 6.0078373505619, 1.7432690414321, 79.27351828, 40.1811516884, 4.91893745, 8.336892]
  }
}
