{
  "buy": {
    "valuePerCoin": [0.00022206, 0.00022205, 0.00022204, 0.00022203, 0.00022202, 0.000222, 0.0002215, 0.00022, 0.00021901, 0.000219, 0.00021717, 0.00021716, 0.00021711, 0.000217, 0.000216, 0.0002158, 0.000215, 0.00021375, 0.0002125, 0.00021125, 0.0002101, 0.00021001, 0.00021, 0.00020875, 0.000208, 0.0002075, 0.00020705, 0.000207, 0.00020625, 0.00020601, 0.0002059, 0.000205, 0.00020375, 0.0002025, 0.00020203, 0.00020202, 0.000202, 0.00020125, 0.000201, 0.00020019],
    "amount": [793.88174691, 7115.80324251, 50000, 244000, 4508.21191784, 29313.01617117, 697.08523702, 145296.65940908, 7896, 15300, 67292.95068379, 19553.56368576, 5645, 151521.58387096, 111866.88161352, 450.65581287, 75446.47790697, 500, 1000, 500, 500, 3821.14527879, 47927.46990475, 500, 58700, 1000, 50000, 60110, 500, 771.23707587, 219.81981544, 1000, 500, 1000, 35712.51893283, 765300, 2000000, 500, 2116.43985074, 14572],
    "sumOfValue": [0.17628938, 1.75635348, 12.85835348, 67.03367348, 68.03458668, 74.54207626, 74.69648063, 106.66174569, 108.39104865, 111.74174865, 126.35575874, 130.60201062, 131.82759657, 164.70778026, 188.87102668, 188.9682782, 205.18927094, 205.29614594, 205.50864594, 205.61427094, 205.71932094, 206.52179965, 216.58656832, 216.69094332, 228.90054332, 229.10804332, 239.46054332, 251.90331332, 252.00643832, 252.16532086, 252.21058175, 252.41558175, 252.51745675, 252.71995675, 259.93495694, 414.54086294, 818.54086294, 818.64148794, 819.06689234, 821.98406102],
    "sumOfCoins": [793.88174691, 7909.68498942, 57909.68498942, 301909.68498942, 306417.89690726, 335730.91307843, 336427.99831545, 481724.65772453, 489620.65772453, 504920.65772453, 572213.60840832, 591767.17209408, 597412.17209408, 748933.75596504, 860800.63757856, 861251.29339143, 936697.7712984, 937197.7712984, 938197.7712984, 938697.7712984, 939197.7712984, 943018.91657719, 990946.38648194, 991446.38648194, 1050146.3864819, 1051146.3864819, 1101146.3864819, 1161256.3864819, 1161756.3864819, 1162527.6235578, 1162747.4433733, 1163747.4433733, 1164247.4433733, 1165247.4433733, 1200959.9623061, 1966259.9623061, 3966259.9623061, 3966759.9623061, 3968876.4021568, 3983448.4021568]
  },
  "sale": {
    "valuePerCoin": [0.0002295, 0.00022985, 0.00022986, 0.00022987, 0.00022988, 0.00022989, 0.0002299, 0.00022996, 0.00022998, 0.00022999, 0.00023, 0.0002301, 0.0002302, 0.0002303, 0.0002304, 0.0002305, 0.0002306, 0.0002307, 0.0002308, 0.0002309, 0.00023127, 0.00023131, 0.00023138, 0.00023139, 0.00023141, 0.00023149, 0.0002315, 0.00023198, 0.000232, 0.00023295, 0.000233, 0.000234, 0.0002341, 0.0002347, 0.0002348, 0.00023482, 0.00023487, 0.00023488, 0.00023489, 0.0002349],
    "amount": [2600, 193.50816, 250, 250, 17845.4115191, 422810.244, 10626.9891, 130, 16946.74206453, 156.82755, 20000, 21587.9743, 33721.8685, 10000, 10000, 10000, 10000, 37005.07, 66209.36, 10000, 17321.3817, 20939.2267, 3096.794, 16966, 63118.3213, 300216.064, 103, 50000, 16828.5726, 11100.920859, 1000, 1040242.4826, 1000, 150185.063, 3151.79, 235.706, 258.862695, 6085, 39920, 26395.8058],
    "sumOfValue": [0.5967, 0.64117785, 0.69864285, 0.75611035, 4.85841355, 102.05826054, 104.50140533, 104.53130013, 108.42871187, 108.46478063, 113.06478063, 118.03217351, 125.79494763, 128.09794763, 130.40194763, 132.70694763, 135.01294763, 143.55001727, 158.83113755, 161.14013755, 165.14605349, 169.98950601, 170.7060422, 174.63180494, 189.23801567, 258.73503232, 258.75887682, 270.35787682, 274.26210566, 276.84806517, 277.08106517, 520.49780609, 520.73190609, 555.98034037, 556.72038066, 556.77572914, 556.83652822, 558.26577302, 567.64258182, 573.8429566],
    "sumOfCoins": [2600, 2793.50816, 3043.50816, 3293.50816, 21138.9196791, 443949.1636791, 454576.1527791, 454706.1527791, 471652.89484363, 471809.72239363, 491809.72239363, 513397.69669363, 547119.56519363, 557119.56519363, 567119.56519363, 577119.56519363, 587119.56519363, 624124.63519363, 690333.99519363, 700333.99519363, 717655.37689363, 738594.60359363, 741691.39759363, 758657.39759363, 821775.71889363, 1121991.7828936, 1122094.7828936, 1172094.7828936, 1188923.3554936, 1200024.2763526, 1201024.2763526, 2241266.7589526, 2242266.7589526, 2392451.8219526, 2395603.6119526, 2395839.3179526, 2396098.1806476, 2402183.1806476, 2442103.1806476, 2468498.9864476]
  }
}
