{
  "buy": {
    "valuePerCoin": [5.2e-7, 5.1e-7, 5.0e-7, 4.9e-7, 4.8e-7, 4.7e-7, 4.6e-7, 4.5e-7, 4.4e-7, 4.3e-7, 4.2e-7, 4.1e-7, 4.0e-7, 3.9e-7, 3.8e-7, 3.7e-7, 3.6e-7, 3.5e-7, 3.4e-7, 3.3e-7, 3.2e-7, 3.1e-7, 3.0e-7, 2.9e-7, 2.8e-7, 2.7e-7, 2.6e-7, 2.5e-7, 2.4e-7, 2.3e-7, 2.2e-7, 2.1e-7, 2.0e-7, 1.9e-7, 1.8e-7, 1.7e-7, 1.6e-7, 1.5e-7, 1.4e-7, 1.3e-7],
    "amount": [2448288.4786343, 4497061.2745098, 2253368.1298, 479976.61224489, 1645883.7083333, 56666, 61381, 367900.42222222, 1085709, 1092518.4418605, 323779.83333333, 71284.63, 828927.275, 225923.12820512, 1081110.2368421, 96201, 95783.2004008, 133113.9142857, 128429.58823529, 512704.51515151, 65719.5, 318121.68548386, 803171.06666666, 113403.62068965, 76097.66742857, 21105, 21000, 128463, 4870805, 11000, 11000, 11000, 939700.5, 10000, 10000, 2429354, 10000, 1116660, 100996.2852463, 105000],
    "sumOfValue": [1.27311, 3.56661124, 4.6932953, 4.92848383, 5.718508, 5.74514102, 5.77337628, 5.93893146, 6.41664342, 6.88642634, 7.02241386, 7.05164055, 7.38321146, 7.47132147, 7.88214335, 7.91773772, 7.95221967, 7.99880953, 8.04247558, 8.21166806, 8.2326983, 8.33131602, 8.57226733, 8.60515437, 8.62646171, 8.63216006, 8.63762006, 8.66973581, 9.83872901, 9.84125901, 9.84367901, 9.84598901, 10.03392911, 10.03582911, 10.03762911, 10.45061929, 10.45221929, 10.61971829, 10.63385776, 10.64750776],
    "sumOfCoins": [2448288.4786343, 6945349.7531441, 9198717.8829441, 9678694.4951889, 11324578.203522, 11381244.203522, 11442625.203522, 11810525.625744, 12896234.625744, 13988753.067605, 14312532.900938, 14383817.530938, 15212744.805938, 15438667.934143, 16519778.170986, 16615979.170986, 16711762.371386, 16844876.285672, 16973305.873907, 17486010.389059, 17551729.889059, 17869851.574543, 18673022.641209, 18786426.261899, 18862523.929328, 18883628.929328, 18904628.929328, 19033091.929328, 23903896.929328, 23914896.929328, 23925896.929328, 23936896.929328, 24876597.429328, 24886597.429328, 24896597.429328, 27325951.429328, 27335951.429328, 28452611.429328, 28553607.714574, 28658607.714574]
  },
  "sale": {
    "valuePerCoin": [5.3e-7, 5.4e-7, 5.5e-7, 5.6e-7, 5.7e-7, 5.8e-7, 5.9e-7, 6.0e-7, 6.1e-7, 6.2e-7, 6.3e-7, 6.4e-7, 6.5e-7, 6.6e-7, 6.7e-7, 6.8e-7, 6.9e-7, 7.0e-7, 7.1e-7, 7.2e-7, 7.3e-7, 7.4e-7, 7.5e-7, 7.6e-7, 7.7e-7, 7.8e-7, 7.9e-7, 8.0e-7, 8.1e-7, 8.2e-7, 8.3e-7, 8.4e-7, 8.5e-7, 8.6e-7, 8.7e-7, 8.8e-7, 8.9e-7, 9.0e-7, 9.1e-7, 9.2e-7],
    "amount": [2165851.1302645, 3383337.8984516, 4187934.299191, 4910084.752774, 5458733.5597683, 3161385.880795, 1665658.548515, 2212294.8697737, 257589.229531, 93506.323062, 62379.67668, 446480.75609, 238539.110229, 112723.897016, 277203.31837, 149719.1105, 178875.6286, 912591.153914, 327511.401014, 57216.63112, 56806.21947, 193504.147339, 390134.505439, 548332.284, 124738.7042116, 398148.38016, 71338.869082, 406207.314122, 306527.538476, 56419.371502, 42090.385738, 26102.22, 897341.50378, 100703.00229, 42719.7658, 26100, 27766.4669, 47983.140154, 110108.142, 14106],
    "sumOfValue": [1.14790109, 2.97490355, 5.27826741, 8.02791487, 11.13939299, 12.9729968, 13.95573534, 15.28311226, 15.44024169, 15.49821561, 15.5375148, 15.82326248, 15.9783129, 16.05271067, 16.23843689, 16.34024588, 16.46367006, 17.10248386, 17.33501695, 17.37621292, 17.41768146, 17.56087452, 17.85347539, 18.27020792, 18.36625672, 18.67681245, 18.73317015, 19.058136, 19.3064233, 19.35268718, 19.3876222, 19.40954806, 20.17228833, 20.25889291, 20.2960591, 20.3190271, 20.34373925, 20.38692407, 20.48712247, 20.50009999],
    "sumOfCoins": [2165851.1302645, 5549189.0287161, 9737123.3279071, 14647208.080681, 20105941.640449, 23267327.521244, 24932986.069759, 27145280.939533, 27402870.169064, 27496376.492126, 27558756.168806, 28005236.924896, 28243776.035125, 28356499.932141, 28633703.250511, 28783422.361011, 28962297.989611, 29874889.143525, 30202400.544539, 30259617.175659, 30316423.395129, 30509927.542468, 30900062.047907, 31448394.331907, 31573133.036119, 31971281.416279, 32042620.285361, 32448827.599483, 32755355.137959, 32811774.509461, 32853864.895199, 32879967.115199, 33777308.618979, 33878011.621269, 33920731.387069, 33946831.387069, 33974597.853969, 34022580.994123, 34132689.136123, 34146795.136123]
  }
}
