{"buy":{"valuePerCoin":[3.6e-7,3.5e-7,3.4e-7,3.3e-7,3.2e-7,3.1e-7,3.0e-7,2.9e-7,2.8e-7,2.7e-7,2.6e-7,2.5e-7,2.4e-7,2.3e-7,2.2e-7,2.1e-7,2.0e-7,1.9e-7,1.8e-7,1.7e-7,1.6e-7,1.5e-7,1.4e-7,1.3e-7,1.2e-7,1.1e-7,1.0e-7,9.0e-8,8.0e-8,7.0e-8,6.0e-8,5.0e-8,4.0e-8,3.0e-8,2.0e-8,1.0e-8],"amount":[9766174.7089725,7576143.0714285,3942341.8152319,3807154.3030303,2662082.9375,178983.2580645,534100.96666666,529864.13448275,56884.82142857,21105,21000,59050.96,4857142,11000,11000,11000,35000,10000,10000,2429354,10000,1132660,109896.2852463,115000,1352697.75,115000,143100,100000,100000,100000,100000,105000,100000,100000,857001,2010830],"sumOfValue":[3.51582289,6.16747296,7.50786917,8.76423008,9.61609662,9.67158142,9.8318117,9.98547229,10.00140003,10.00709838,10.01255838,10.02732112,11.1930352,11.1955652,11.1979852,11.2002952,11.2072952,11.2091952,11.2109952,11.62398538,11.62558538,11.79548438,11.81086985,11.82581985,11.98814358,12.00079358,12.01510358,12.02410358,12.03210358,12.03910358,12.04510358,12.05035358,12.05435358,12.05735358,12.0744936,12.0946019],"sumOfCoins":[9766174.7089725,17342317.780401,21284659.595633,25091813.898663,27753896.836163,27932880.094228,28466981.060894,28996845.195377,29053730.016806,29074835.016806,29095835.016806,29154885.976806,34012027.976806,34023027.976806,34034027.976806,34045027.976806,34080027.976806,34090027.976806,34100027.976806,36529381.976806,36539381.976806,37672041.976806,37781938.262052,37896938.262052,39249636.012052,39364636.012052,39507736.012052,39607736.012052,39707736.012052,39807736.012052,39907736.012052,40012736.012052,40112736.012052,40212736.012052,41069737.012052,43080567.012052]},"sale":{"valuePerCoin":[3.7e-7,3.8e-7,3.9e-7,4.0e-7,4.1e-7,4.2e-7,4.3e-7,4.4e-7,4.5e-7,4.6e-7,4.7e-7,4.8e-7,4.9e-7,5.0e-7,5.1e-7,5.2e-7,5.3e-7,5.4e-7,5.5e-7,5.6e-7,5.7e-7,5.8e-7,5.9e-7,6.0e-7,6.1e-7,6.2e-7,6.3e-7,6.4e-7,6.5e-7,6.6e-7,6.7e-7,6.8e-7,6.9e-7,7.0e-7,7.1e-7,7.2e-7,7.3e-7,7.4e-7,7.5e-7,7.6e-7],"amount":[12823.583,10831997.32852,10153373.736239,12638854.518882,6065741.807543,5417705.473767,2122453.9660429,1534772.971767,1579350.0275804,3366316.8257919,2188779.310925,2488385.754588,524191.77778118,926192.1682688,726283.03472456,1063275.7971821,465675.42643388,116418.73929146,449585.52027766,155759.23367971,397461.68502565,190984.22581478,647254.23382673,561908.73313852,96833.01589518,58746.22799301,253418.34889161,63192.04077,147218.38752461,75756.48009,55102.132,85000,216162.124,831986.578808,58259.075014,55899,55292,55100,91821.90883,55118],"sumOfValue":[0.00474472,4.1209037,8.08071945,13.13626125,15.62321539,17.89865168,18.81130688,19.48660698,20.19731449,21.74582022,22.77454649,23.96897165,24.22582562,24.6889217,25.05932604,25.61222945,25.85903742,25.92190353,26.16917556,26.25640073,26.48295389,26.59372474,26.97560473,27.31274996,27.37181809,27.40824075,27.5678943,27.6083372,27.70402915,27.75402842,27.79094684,27.84874684,27.9978987,28.5802893,28.62165324,28.66190052,28.70226368,28.74303768,28.81190411,28.85379379],"sumOfCoins":[12823.583,10844820.91152,20998194.647759,33637049.166641,39702790.974184,45120496.447951,47242950.413994,48777723.385761,50357073.413341,53723390.239133,55912169.550058,58400555.304646,58924747.082427,59850939.250696,60577222.28542,61640498.082603,62106173.509036,62222592.248328,62672177.768606,62827937.002285,63225398.687311,63416382.913126,64063637.146952,64625545.880091,64722378.895986,64781125.123979,65034543.472871,65097735.513641,65244953.901165,65320710.381255,65375812.513255,65460812.513255,65676974.637255,66508961.216063,66567220.291077,66623119.291077,66678411.291077,66733511.291077,66825333.199907,66880451.199907]}}