{
  "buy": {
    "valuePerCoin": [2729.25, 2729.24, 2729, 2728.87, 2728.85, 2728.59, 2728.33, 2727.82, 2727.5, 2727.43, 2727.37, 2726.01, 2725.99, 2725.62, 2725.06, 2724.83, 2724, 2722.2, 2722, 2721.99, 2721.68, 2721.29, 2720.5, 2720.11, 2720.1, 2720.02, 2720.01, 2720, 2719.66, 2719.52, 2719.51, 2719.5, 2719.1, 2719.01, 2719, 2718.68, 2718.66, 2718.52, 2718.51, 2718.43, 2718.1, 2718.01, 2718, 2717.85, 2717.77, 2717.62, 2717.55, 2717.52, 2717.51, 2717.5],
    "amount": [4.459, 16.196, 0.024, 0.06, 0.01, 0.14, 0.624, 0.051, 3, 1.61, 1, 1.644, 0.044, 0.55, 0.4, 0.02, 0.1, 3, 0.781, 0.01, 5.88, 6.837, 18.012, 5.657, 9.631, 0.1, 0.53, 47.051, 2.04, 0.476, 0.871, 0.842, 11.76, 0.895, 4.875, 0.167, 7.86, 0.365, 0.725, 0.794, 39, 0.951, 9.037, 1.6, 29.304, 41.963, 0.389, 0.6, 0.752, 0.38],
    "sumOfValue": [12169.72575, 56372.49679, 56437.99279, 56601.72499, 56629.01349, 57011.01609, 58713.49401, 58852.61283, 67035.11283, 71426.27513, 74153.64513, 78635.20557, 78755.14913, 80254.24013, 81344.26413, 81398.76073, 81671.16073, 89837.76073, 91963.64273, 91990.86263, 107994.34103, 126599.80076, 175601.44676, 190989.10903, 217186.39213, 217458.39413, 218899.99943, 346878.71943, 352426.82583, 353721.31735, 356090.01056, 358379.82956, 390356.44556, 392789.95951, 406045.08451, 406499.10407, 427867.77167, 428860.03147, 430830.95122, 432989.38464, 538995.28464, 541580.11215, 566142.67815, 570491.23815, 650132.77023, 764172.25829, 765229.38524, 766859.89724, 768903.46476, 769936.11476],
    "sumOfCoins": [4.459, 20.655, 20.679, 20.739, 20.749, 20.889, 21.513, 21.564, 24.564, 26.174, 27.174, 28.818, 28.862, 29.412, 29.812, 29.832, 29.932, 32.932, 33.713, 33.723, 39.603, 46.44, 64.452, 70.109, 79.74, 79.84, 80.37, 127.421, 129.461, 129.937, 130.808, 131.65, 143.41, 144.305, 149.18, 149.347, 157.207, 157.572, 158.297, 159.091, 198.091, 199.042, 208.079, 209.679, 238.983, 280.946, 281.335, 281.935, 282.687, 283.067]
  },
  "sale": {
    "valuePerCoin": [2730, 2730.42, 2730.66, 2730.96, 2731, 2731.05, 2731.88, 2732, 2732.03, 2732.81, 2733, 2733.45, 2733.52, 2733.71, 2733.88, 2733.98, 2734, 2734.4, 2734.48, 2734.52, 2734.8, 2734.88, 2734.98, 2735, 2735.19, 2735.49, 2735.57, 2735.58, 2735.66, 2735.77, 2735.91, 2736, 2736.17, 2736.2, 2736.3, 2736.45, 2736.49, 2736.52, 2736.68, 2736.82, 2737, 2737.03, 2737.13, 2737.2, 2737.3, 2737.36, 2737.45, 2737.52, 2737.88, 2737.89],
    "amount": [12.288, 0.476, 0.1, 0.158, 0.01, 0.144, 0.269, 31.262, 1, 0.11, 52.372, 2.829, 0.381, 0.829, 5.88, 11.745, 5.18, 0.872, 1.09, 38.019, 5, 2.974, 1.859, 52.147, 0.882, 1.683, 1, 0.1, 0.1, 0.249, 48.36, 122.188, 0.517, 0.474, 0.74, 0.586, 0.13, 0.373, 2.284, 1, 6.052, 0.1, 0.144, 2.213, 4.384, 0.16, 0.391, 0.371, 1.994, 3],
    "sumOfValue": [33546.24, 34845.91992, 35118.98592, 35550.4776, 35577.7876, 35971.0588, 36705.93452, 122113.71852, 124845.74852, 125146.35762, 268279.03362, 276011.96367, 277053.43479, 279319.68038, 295394.89478, 327505.48988, 341667.60988, 344052.00668, 347032.58988, 450996.30576, 464670.30576, 472803.83888, 477888.1667, 620510.2117, 622922.64928, 627526.47895, 630262.04895, 630535.60695, 630809.17295, 631490.37968, 763798.98728, 1098105.35528, 1099519.95517, 1100816.91397, 1102841.77597, 1104445.33567, 1104801.07937, 1105821.80133, 1112072.37845, 1114809.19845, 1131373.52245, 1131647.22545, 1132041.37217, 1138098.79577, 1150099.11897, 1150537.09657, 1151607.43952, 1152623.05944, 1158082.39216, 1166296.06216],
    "sumOfCoins": [12.288, 12.764, 12.864, 13.022, 13.032, 13.176, 13.445, 44.707, 45.707, 45.817, 98.189, 101.018, 101.399, 102.228, 108.108, 119.853, 125.033, 125.905, 126.995, 165.014, 170.014, 172.988, 174.847, 226.994, 227.876, 229.559, 230.559, 230.659, 230.759, 231.008, 279.368, 401.556, 402.073, 402.547, 403.287, 403.873, 404.003, 404.376, 406.66, 407.66, 413.712, 413.812, 413.956, 416.169, 420.553, 420.713, 421.104, 421.475, 423.469, 426.469]
  }
}
