{
  "buy": {
    "valuePerCoin": [0.00154, 0.00153, 0.00152, 0.00151, 0.0015, 0.00149, 0.00148, 0.00147, 0.00146, 0.00145, 0.00144, 0.00143, 0.00142, 0.00141, 0.0014, 0.00139, 0.00138, 0.00137, 0.00136, 0.00135, 0.00133, 0.00132, 0.00131, 0.0013, 0.00125, 0.00123, 0.00121, 0.0012, 0.00117, 0.00115, 0.00114, 0.00111, 0.0011, 0.00109, 0.00108, 0.00105, 0.00104, 0.00103, 0.00102, 0.00101, 0.001, 0.00099, 0.00098, 0.00097, 0.00096, 0.00095, 0.00094, 0.00093, 0.00092, 0.00091],
    "amount": [3559082.905, 9852594.478, 3058380.199, 10492675.495, 10386055.003, 3100000, 4340993.242, 11331835.03, 16052174.096, 1232616.705, 3618.055, 61253.18, 2336976.75, 956306.212, 18813238.214, 456136.69, 1271449.275, 165080.291, 735352.941, 5477217.444, 8000000, 408727.272, 100000, 13921013.753, 2021908, 1031951.219, 7698138.28, 2511616.41, 6937.606, 1205930.434, 1000000, 1722783.783, 3747824.454, 18761.467, 100000, 3517633.666, 1000000, 1000000, 2000000, 16574277, 36707712.795, 11010000, 10001255.102, 10533075.257, 10098630, 10110000, 12275670.212, 51720, 1897271.739, 1000000],
    "sumOfValue": [5480.9876737, 20555.45722504, 25204.19512752, 41048.13512497, 56627.21762947, 61246.21762947, 67670.88762763, 84328.68512173, 107764.85930189, 109552.15352414, 109557.36352334, 109644.95557074, 112963.46255574, 114311.85431466, 140650.38781426, 141284.41781336, 143039.01781286, 143265.17781153, 144265.25781129, 151659.50136069, 162299.50136069, 162839.02135973, 162970.02135973, 181067.33923863, 183594.72423863, 184864.024238, 194178.7715568, 197192.7112488, 197200.82824782, 198587.64824692, 199727.64824692, 201639.93824605, 205762.54514545, 205782.99514448, 205890.99514448, 209584.51049378, 210624.51049378, 211654.51049378, 213694.51049378, 230434.53026378, 267142.24305878, 278042.14305878, 287843.37305874, 298060.45605803, 307755.14085803, 317359.64085803, 328898.77085731, 328946.87045731, 330692.36045719, 331602.36045719],
    "sumOfCoins": [3559082.905, 13411677.383, 16470057.582, 26962733.077, 37348788.08, 40448788.08, 44789781.322, 56121616.352, 72173790.448, 73406407.153, 73410025.208, 73471278.388, 75808255.138, 76764561.35, 95577799.564, 96033936.254, 97305385.529, 97470465.82, 98205818.761, 103683036.205, 111683036.205, 112091763.477, 112191763.477, 126112777.23, 128134685.23, 129166636.449, 136864774.729, 139376391.139, 139383328.745, 140589259.179, 141589259.179, 143312042.962, 147059867.416, 147078628.883, 147178628.883, 150696262.549, 151696262.549, 152696262.549, 154696262.549, 171270539.549, 207978252.344, 218988252.344, 228989507.446, 239522582.703, 249621212.703, 259731212.703, 272006882.915, 272058602.915, 273955874.654, 274955874.654]
  },
  "sale": {
    "valuePerCoin": [0.00155, 0.00156, 0.00157, 0.00158, 0.00159, 0.0016, 0.00161, 0.00162, 0.00163, 0.00164, 0.00165, 0.00166, 0.00167, 0.00168, 0.00169, 0.0017, 0.00171, 0.00172, 0.00173, 0.00174, 0.00175, 0.00176, 0.00177, 0.00178, 0.00179, 0.0018, 0.00182, 0.00183, 0.00184, 0.00185, 0.00186, 0.00187, 0.00188, 0.00189, 0.0019, 0.00192, 0.00193, 0.00194, 0.00195, 0.00196, 0.00197, 0.00198, 0.00199, 0.002, 0.00201, 0.00202, 0.00203, 0.00205, 0.00206, 0.00207],
    "amount": [15614341.694, 9041663.1, 14387922.28, 9481948.939, 4771038.641, 30016685.94, 660456.38, 8885.35, 8259027.982, 708835.05, 765012.929, 711730.607, 5564700, 11612991.959, 492567.328, 566778.665, 436841.463, 1122916.66, 4704553, 6490220.37, 16317175.117, 984847.71, 8000, 4873243.848, 13908178.72, 6319877.04, 8000, 8000, 8228.42, 12106997.072, 22013.151, 6207701.167, 174513.717, 200000, 5902284.223, 250000, 8784978.474, 5073659.385, 487651.313, 4809185.5, 3020000, 24961895.973, 3629149.83, 40083746.252, 3182558.03, 1903376.926, 661355.282, 3223880.344, 60000, 467805.131],
    "sumOfValue": [24202.2296257, 38307.2240617, 60896.2620413, 75877.74136492, 83463.69280411, 131490.39030811, 132553.72507991, 132568.11934691, 146030.33495757, 147192.82443957, 148455.09577242, 149636.56858004, 158929.61758004, 178439.44407116, 179271.88285548, 180235.40658598, 180982.40548771, 182913.82214291, 191052.69883291, 202345.68227671, 230900.73873146, 232634.07070106, 232648.23070106, 241322.6047505, 266218.2446593, 277594.0233313, 277608.5833313, 277623.2233313, 277638.3636241, 300036.3082073, 300077.25266816, 311685.65385045, 312013.73963841, 312391.73963841, 323606.07966211, 324086.07966211, 341041.08811693, 350883.98732383, 351834.90738418, 361260.91096418, 367210.31096418, 416634.86499072, 423856.87315242, 504024.36565642, 510421.30729672, 514266.12868724, 515608.6799097, 522217.6346149, 522341.2346149, 523309.59123607],
    "sumOfCoins": [15614341.694, 24656004.794, 39043927.074, 48525876.013, 53296914.654, 83313600.594, 83974056.974, 83982942.324, 92241970.306, 92950805.356, 93715818.285, 94427548.892, 99992248.892, 111605240.851, 112097808.179, 112664586.844, 113101428.307, 114224344.967, 118928897.967, 125419118.337, 141736293.454, 142721141.164, 142729141.164, 147602385.012, 161510563.732, 167830440.772, 167838440.772, 167846440.772, 167854669.192, 179961666.264, 179983679.415, 186191380.582, 186365894.299, 186565894.299, 192468178.522, 192718178.522, 201503156.996, 206576816.381, 207064467.694, 211873653.194, 214893653.194, 239855549.167, 243484698.997, 283568445.249, 286751003.279, 288654380.205, 289315735.487, 292539615.831, 292599615.831, 293067420.962]
  }
}
